dist,region,reg_prop,2020_pop,pop_pct,2025_dif,2025_pop,2030_dif,2030_pop,2035_dif,2035_pop,2040_dif,2040_pop,2045_dif,2045_pop,2050_dif,2050_pop,2055_dif,2055_pop,2060_dif,2060_pop,2065_dif,2065_pop,2070_dif,2070_pop,2075_dif,2075_pop,2080_dif,2080_pop,2085_pop,2085_pop,2090_dif,2090_pop,2095_dif,2095_pop,2100_dif,2100_pop,current_urban_pix,total_pix,gdd,2050_urbpix
Ablekuma Central,GREATER ACCRA,Greater Accra,294022,0.95,42658,336680,74322,368344,106498,400520,139101,433123,171383,465405,202075,496097,231138,525160,257925,551947,283103,577125,306176,600198,327658,621680,346639,640661,363378,657400,377033,671055,388553,682575,397740,691762,11992,12010,24.5,
Ablekuma North,GREATER ACCRA,Greater Accra,232877,0.75,32923,265800,58866,291743,83323,316200,110173,343050,134548,367425,160051,392928,181723,414600,204286,437163,222748,455625,242503,475380,257923,490800,274552,507429,286123,519000,298625,531502,305998,538875,315025,547902,12579,12579,18.5,
Ablekuma West,GREATER ACCRA,Greater Accra,75254,0.24,9802,85056,19023,94277,25930,101184,35602,110856,42322,117576,51720,126974,57418,132672,66015,141269,70546,145800,78365,153619,81802,157056,88721,163975,90826,166080,96501,171755,97186,172440,101800,177054,19052,19207,3.9,
Abuakwa North,EASTERN,Eastern,112856,0.36,14728,127584,28528,141384,38920,151776,53392,166248,63508,176364,77563,190419,86152,199008,99001,211857,105844,218700,117521,230377,122728,235584,133052,245908,136264,249120,144719,257575,145804,258660,152667,265523,17593,176863,6.4,
Abuakwa South,EASTERN,Eastern,98756,0.32,14652,113408,24963,123719,36156,134912,46721,145477,58012,156768,67873,166629,78140,176896,86632,185388,95644,194400,102838,201594,110652,209408,116429,215185,122684,221440,126638,225394,131164,229920,133593,232349,17384,388803,5.7,
Abura Asebu Kwamankese,CENTRAL,Central,138623,0.45,20857,159480,35041,173664,51097,189720,65582,204205,81832,220455,95272,233895,110137,248760,121604,260227,134752,273375,144353,282976,155857,294480,163430,302053,172777,311400,177761,316384,184702,323325,187523,326146,21747,418812,,
Achiase,GREATER ACCRA,Greater Accra,92276,0.3,14044,106320,23325,115601,34204,126480,43655,135931,54694,146970,63419,155695,73564,165840,80947,173223,89974,182250,96090,188366,104044,196320,108789,201065,115324,207600,118328,210604,123274,215550,124827,217103,6920,460789,13.3,
Ada East,EASTERN,Eastern,90336,0.29,12440,102776,22835,113171,31928,122264,42738,133074,51735,142071,62086,152422,69976,160312,79245,169581,85839,176175,94070,184406,99440,189776,106502,196838,110344,200680,115841,206177,118029,208365,122202,212538,14202,322883,6.4,
Ada West,GREATER ACCRA,Greater Accra,74544,0.24,10512,85056,18843,93387,26640,101184,35267,109811,43032,117576,51232,125776,58128,132672,65392,139936,71256,145800,77625,152169,82512,157056,87884,162428,91536,166080,95590,170134,97896,172440,100840,175384,11809,360615,6.3,
Adaklu,GREATER ACCRA,Greater Accra,45962,0.15,7198,53160,11618,57580,17278,63240,21744,67706,27523,73485,31589,77551,36958,82920,40319,86281,45163,91125,47862,93824,52198,98160,54187,100149,57838,103800,58938,104900,61813,107775,62175,108137,6398,892272,7.2,
Adansi Asokwa,VOLTA,Volta,83243,0.27,12445,95688,21042,104285,30589,113832,39382,122625,49030,132273,57211,140454,66013,149256,73023,156266,80782,164025,86684,169927,93445,176688,98140,181383,103597,186840,106745,189988,110752,193995,112607,195850,11109,712713,7.5,
Adansi North,ASHANTI,Ashanti,49522,0.16,7182,56704,12518,62040,17934,67456,23429,72951,28862,78384,34035,83557,38926,88448,43442,92964,47678,97200,51569,101091,55182,104704,58384,107906,61198,110720,63504,113026,65438,114960,66991,116513,10097,236071,4.9,
Adansi South,ASHANTI,Ashanti,50268,0.16,6436,56704,12707,62975,17188,67456,23782,74050,28116,78384,34548,84816,38180,88448,44097,94365,46932,97200,52346,102614,54436,104704,59264,109532,60452,110720,64460,114728,64692,114960,68000,118268,10606,832318,4.7,
Adentan,ASHANTI,Ashanti,98682,0.32,14726,113408,24945,123627,36230,134912,46686,145368,58086,156768,67822,166504,78214,176896,86567,185249,95718,194400,102761,201443,110726,209408,116342,215024,122758,221440,126543,225225,131238,229920,133493,232175,64038,86774,1.5,
Afadzato South,GREATER ACCRA,Greater Accra,120004,0.39,18212,138216,30334,150338,44420,164424,56773,176777,71057,191061,82476,202480,95588,215592,105271,225275,116921,236925,124965,244969,135212,255216,141479,261483,149876,269880,153885,273889,160211,280215,162336,282340,10884,616071,,
Afigya Kwabre North,VOLTA,Volta,51560,0.17,8688,60248,13033,64593,20112,71672,24393,75953,31723,83283,35436,86996,42416,93976,45230,96790,51715,103275,53691,105251,59688,111248,60787,112347,66080,117640,66117,117677,70585,122145,69748,121308,8890,265882,,
Afigya Kwabre South,ASHANTI,Ashanti,117179,0.38,17493,134672,29620,146799,43029,160208,55437,172616,68983,186162,80534,197713,92885,210064,102793,219972,113671,230850,122023,239202,131493,248672,138149,255328,145781,262960,150262,267441,155851,273030,158514,275693,38200,189025,3.1,
Agona East,ASHANTI,Ashanti,101674,0.33,15278,116952,25701,127375,37454,139128,48102,149776,59993,161667,69878,171552,80750,182424,89191,190865,98801,200475,105877,207551,114278,215952,119869,221543,126686,228360,130380,232054,135431,237105,137540,239214,13290,364153,7.7,
Agona West,CENTRAL,Central,136443,0.44,19493,155936,34490,170933,49061,185504,64551,200994,79113,215556,93774,230217,106789,243232,119692,256135,130857,267300,142083,278526,151493,287936,160860,297303,168037,304480,174965,311408,179697,316140,184574,321017,15522,396178,8.8,
Agortime-Ziope,CENTRAL,Central,35360,0.11,3624,38984,8938,44298,11016,46376,16729,52089,18529,53889,24302,59662,25448,60808,31019,66379,31465,66825,36822,72182,36624,71984,41688,77048,40760,76120,45343,80703,43675,79035,47833,83193,7020,351725,,
Ahafo Ano North,VOLTA,Volta,116936,0.38,17736,134672,29559,146495,43272,160208,55322,172258,69226,186162,80367,197303,93128,210064,102580,219516,113914,230850,121770,238706,131736,248672,137862,254798,146024,262960,149951,266887,156094,273030,158186,275122,11488,659202,10.2,
Ahafo Ano South East,ASHANTI,Ashanti,73121,0.24,11935,85056,18483,91604,28063,101184,34593,107714,44455,117576,50254,123375,59551,132672,64144,137265,72679,145800,76144,149265,83935,157056,86206,159327,92959,166080,93765,166886,99319,172440,98915,172036,7144,464471,10.2,
Ahafo Ano South West,ASHANTI,Ashanti,77760,0.25,10840,88600,19656,97416,27640,105400,36788,114548,44715,122475,53443,131203,60440,138200,68213,145973,74115,151875,80974,158734,85840,163600,91676,169436,95240,173000,99714,177474,101865,179625,105190,182950,10151,858151,,
Ahanta West,ASHANTI,Ashanti,141344,0.46,21680,163024,35729,177073,52592,193936,66869,208213,84010,225354,97142,238486,112944,254288,123991,265335,138106,279450,147187,288531,159680,301024,166638,307982,176976,318320,181250,322594,189166,330510,191204,332548,23207,608603,6.1,
Ajumako Enyan Essiam,WESTERN,Western,163250,0.53,24582,187832,41266,204516,60198,223448,77233,240483,96397,259647,112198,275448,129734,292984,143208,306458,158725,321975,169998,333248,183582,346832,192464,355714,203510,366760,209340,372590,217555,380805,220837,384087,17876,579619,9.1,
Akatsi North,CENTRAL,Central,37517,0.12,5011,42528,9483,47000,13075,50592,17749,55266,21271,58788,25785,63302,28819,66336,32911,70428,35383,72900,39068,76585,41011,78528,44231,81748,45523,83040,48109,85626,48703,86220,50751,88268,4318,350163,,
Akatsi South,VOLTA,Volta,124357,0.4,17403,141760,31435,155792,44283,168640,58833,183190,71603,195960,85468,209825,96763,221120,109090,233447,118643,243000,129498,253855,137403,261760,146611,270968,152443,276800,159467,283824,163043,287400,168225,292582,21075,597388,,
Akrofuom,VOLTA,Volta,92804,0.3,13516,106320,23459,116263,33676,126480,43905,136709,54166,146970,63782,156586,73036,165840,81410,174214,89446,182250,96640,189444,103516,196320,109412,202216,114796,207600,119005,211809,122746,215550,125541,218345,6257,643865,14.8,
Akwapim North,ASHANTI,Ashanti,95484,0.31,14380,109864,24136,119620,35212,130696,45173,140657,56385,151869,65624,161108,75884,171368,83761,179245,92841,188325,99431,194915,107380,202864,112571,208055,119036,214520,122442,217926,127251,222735,129166,224650,13929,341196,,
Akwapim South,EASTERN,Eastern,47265,0.15,5895,53160,11948,59213,15975,63240,22361,69626,26220,73485,32484,79749,35655,82920,41462,88727,43860,91125,49219,96484,50895,98160,55723,102988,56535,103800,60609,107874,60510,107775,63938,111203,6660,249469,,
Akyemansa,EASTERN,Eastern,122734,0.4,19026,141760,31024,153758,45906,168640,58065,180799,73226,195960,84352,207086,98386,221120,107666,230400,120266,243000,127807,250541,139026,261760,144698,267432,154066,276800,157386,280120,164666,287400,166029,288763,14578,680295,8.4,
Amansie Central,EASTERN,Eastern,112508,0.36,15076,127584,28440,140948,39268,151776,53227,165735,63856,176364,77324,189832,86500,199008,98695,211203,106192,218700,117159,229667,123076,235584,132642,245150,136612,249120,144272,256780,146152,258660,152196,264704,13968,943941,8.1,
Amansie South,ASHANTI,Ashanti,74666,0.24,10390,85056,18874,93540,26518,101184,35324,109990,42910,117576,51316,125982,58006,132672,65499,140165,71134,145800,77752,152418,82390,157056,88028,162694,91414,166080,95746,170412,97774,172440,101005,175671,19204,828330,3.9,
Amansie West,ASHANTI,Ashanti,91905,0.3,14415,106320,23232,115137,34575,126480,43480,135385,55065,146970,63164,155069,73935,165840,80622,172527,90345,182250,95704,187609,104415,196320,108352,200257,115695,207600,117853,209758,123645,215550,124325,216230,18352,539064,5,
Anloga,ASHANTI,Ashanti,104262,0.34,16234,120496,26355,130617,39082,143344,49326,153588,62304,166566,71657,175919,83690,187952,91462,195724,102288,206550,108572,212834,118234,222496,122920,227182,131018,235280,133698,237960,140028,244290,141041,245303,22686,439519,4.6,
Aowin,WESTERN,Western,157159,0.51,23585,180744,39726,196885,57857,215016,74351,231510,92690,249849,108012,265171,124769,281928,137864,295023,152666,309825,163655,320814,176585,333744,185283,342442,195761,352920,201530,358689,209276,366435,212598,369757,16303,2896692,9.6,
Asante Akim Central,VOLTA,Volta,88597,0.29,14179,102776,22395,110992,33667,122264,41915,130512,53474,142071,60891,149488,71715,160312,77720,166317,87578,176175,92259,180856,101179,189776,104452,193049,112083,200680,113611,202208,119768,208365,119850,208447,15032,333786,5.9,
Asante Akim North,WESTERN NORTH,Western North,85753,0.28,13479,99232,21676,107429,32295,118048,40569,126322,51419,137172,58936,144689,69031,154784,75225,160978,84347,170100,89298,175051,97479,183232,101099,186852,108007,193760,109964,195717,115427,201180,116003,201756,12351,1251879,6.9,
Asante Akim South,ASHANTI,Ashanti,145349,0.47,21219,166568,36741,182090,52803,198152,68764,214113,84904,230253,99895,245244,114467,259816,127504,272853,140176,285525,151357,296706,162219,307568,171360,316709,179891,325240,186385,331734,192346,337695,196622,341971,20829,1282354,,
Asene Manso Akroso,ASHANTI,Ashanti,96888,0.31,12976,109864,24491,121379,33808,130696,45837,142725,54981,151869,66589,163477,74480,171368,84993,181881,91437,188325,100893,197781,105976,202864,114227,211115,117632,214520,124242,221130,125847,222735,131066,227954,8788,465860,,
Ashaiman,ASHANTI,Ashanti,240841,0.78,35591,276432,60879,301720,88007,328848,113941,354782,141281,382122,165524,406365,190343,431184,211273,452114,233009,473850,250797,491638,269591,510432,283941,524782,298919,539760,308838,549679,319589,560430,325799,566640,17868,20645,,
Asikuma Odoben Brakwa,EASTERN,Eastern,153387,0.5,23813,177200,38773,192160,57413,210800,72567,225954,91563,244950,105419,258806,123013,276400,134556,287943,150363,303750,159728,313115,173813,327200,180836,334223,192613,346000,196693,350080,205863,359250,207495,360882,13259,859055,,
Asokore Mampong,GREATER ACCRA,Greater Accra,377697,1.22,54671,432368,95474,473171,136655,514352,178687,556384,219981,597678,259582,637279,296719,674416,331327,709024,363453,741150,393310,771007,420671,798368,445288,822985,466543,844240,484332,862029,498873,876570,510931,888628,20424,26572,8.5,
Asokwa,CENTRAL,Central,173665,0.56,24799,198464,43899,217564,62431,236096,82160,255825,100679,274344,119356,293021,135903,309568,152344,326009,166535,340200,180844,354509,192799,366464,204743,378408,213855,387520,222696,396361,228695,402360,234926,408591,26444,31939,,
Assin Fosu,ASHANTI,Ashanti,90637,0.29,12139,102776,22911,113548,31627,122264,42880,133517,51434,142071,62293,152930,69675,160312,79509,170146,85538,176175,94384,185021,99139,189776,106857,197494,110043,200680,116227,206864,117728,208365,122610,213247,11638,286367,,
Assin North,ASHANTI,Ashanti,80534,0.26,11610,92144,20357,100891,29082,109616,38100,118634,46840,127374,55349,135883,63194,143728,70647,151181,77416,157950,83863,164397,89610,170144,94946,175480,99386,179920,103271,183805,106276,186810,108943,189477,10354,830391,11.9,
Assin South,CENTRAL,Central,123440,0.4,18320,141760,31203,154643,45200,168640,58399,181839,72520,195960,84837,208277,97680,221120,108285,231725,119560,243000,128543,251983,138320,261760,145530,268970,153360,276800,158291,281731,163960,287400,166984,290424,14783,1223873,10.7,
Asunafo North,CENTRAL,Central,157870,0.51,22874,180744,39906,197776,57146,215016,74688,232558,91979,249849,108500,266370,124058,281928,138488,296358,151955,309825,164396,322266,175874,333744,186122,343992,195050,352920,202442,360312,208565,366435,213559,371429,19951,1567039,6.1,
Asunafo South,CENTRAL,Central,120976,0.39,17240,138216,30580,151556,43448,164424,57233,178209,70085,191061,83144,204120,94616,215592,106124,227100,115949,236925,125977,246953,134240,255216,142625,263601,148904,269880,155131,276107,159239,280215,163651,284627,11450,1025244,10.8,
Asuogyaman,AHAFO,Ahafo,123568,0.4,18192,141760,31235,154803,45072,168640,58460,182028,72392,195960,84925,208493,97552,221120,108397,231965,119432,243000,128676,252244,138192,261760,145681,269249,153232,276800,158455,282023,163832,287400,167157,290725,23559,852818,2.8,
Asutifi North,AHAFO,Ahafo,66141,0.21,8283,74424,16719,82860,22395,88536,31291,97432,36738,102879,45457,111598,49947,116088,58021,124162,61434,127575,68875,135016,71283,137424,77977,144118,79179,145320,84815,150956,84744,150885,89473,155614,15854,1039341,4.3,
Asutifi South,EASTERN,Eastern,67763,0.22,10205,77968,17129,84892,24989,92752,32058,99821,40015,107778,46572,114335,53853,121616,59444,127207,65887,133650,70564,138327,76205,143968,79890,147653,84477,152240,86895,154658,90307,158070,91667,159430,10216,663099,,
Atebubu Amantin,AHAFO,Ahafo,132818,0.43,19574,152392,33573,166391,48470,181288,62836,195654,77839,210657,91283,224101,104886,237704,116512,249330,128407,261225,138308,271126,148574,281392,156586,289404,164742,297560,170317,303135,176137,308955,179670,312488,17035,2918229,,
Atiwa East,AHAFO,Ahafo,62563,0.2,8317,70880,15815,78378,21757,84320,29598,92161,35417,97980,42998,105561,47997,110560,54882,117445,58937,121500,65149,127712,68317,130880,73759,136322,75837,138400,80226,142789,81137,143700,84632,147195,12491,645040,6.2,
Atiwa West,BONO EAST,Bono East,76871,0.25,11729,88600,19431,96302,28529,105400,36367,113238,45604,122475,52832,129703,61329,138200,67433,144304,75004,151875,80049,156920,86729,163600,90627,167498,96129,173000,98574,175445,102754,179625,103988,180859,10510,651452,10.7,
Atwima Kwanwoma,EASTERN,Eastern,112321,0.36,15263,127584,28392,140713,39455,151776,53139,165460,64043,176364,77196,189517,86687,199008,98531,210852,106379,218700,116964,229285,123263,235584,132421,244742,136799,249120,144033,256354,146339,258660,151943,264264,45248,279454,3.3,
Atwima Mponua,EASTERN,Eastern,147829,0.48,22283,170112,37368,185197,54539,202368,69937,217766,87323,235152,101599,249428,117515,265344,129680,277509,143771,291600,153940,301769,166283,314112,174284,322113,184331,332160,189566,337395,197051,344880,199976,347805,23283,2091388,3.4,
Atwima Nwabiagya North,ASHANTI,Ashanti,78113,0.25,10487,88600,19745,97858,27287,105400,36955,115068,44362,122475,53685,131798,60087,138200,68523,146636,73762,151875,81342,159455,85487,163600,92092,170205,94887,173000,100167,178280,101512,179625,105668,183781,23614,312570,4.5,
Atwima Nwabiagya South,ASHANTI,Ashanti,106569,0.34,13927,120496,26938,133507,36775,143344,50417,156986,59997,166566,73242,179811,81383,187952,93485,200054,99981,206550,110974,217543,115927,222496,125640,232209,128711,235280,136657,243226,137721,244290,144162,250731,39581,330949,,
Awutu Senya,ASHANTI,Ashanti,102772,0.33,14180,116952,25979,128751,36356,139128,48621,151393,58895,161667,70633,173405,79652,182424,90155,192927,97703,200475,107020,209792,113180,215952,121164,223936,125588,228360,131788,234560,134333,237105,139025,241797,11243,272019,11.4,
Awutu Senya East,ASHANTI,Ashanti,128332,0.41,16972,145304,32440,160772,44524,172856,60713,189045,72527,200859,88200,216532,98316,226648,112577,240909,120743,249075,133637,261969,139972,268304,151298,279630,155388,283720,164564,292896,166253,294585,173602,301934,41959,120188,4.3,
Ayawaso Central,CENTRAL,Central,179422,0.58,26130,205552,45354,224776,65106,244528,84884,264306,104720,284142,123313,302735,141202,320624,157394,336816,172928,352350,186839,366261,200130,379552,211531,390953,221938,401360,230078,409500,237308,416730,242714,422136,6555,6555,16.1,
Ayawaso East,CENTRAL,Central,105546,0.34,14950,120496,26680,132226,37798,143344,49933,155479,61020,166566,72539,178085,82406,187952,92588,198134,101004,206550,109909,215455,116950,222496,124434,229980,129734,235280,135345,240891,138744,244290,142778,248324,3963,4100,31.7,
Ayawaso North,GREATER ACCRA,Greater Accra,125789,0.41,19515,145304,31797,157586,47067,172856,59510,185299,75070,200859,86452,212241,100859,226648,110346,236135,123286,249075,130989,256778,142515,268304,148300,274089,157931,283720,161303,287092,168796,294585,170162,295951,2367,2378,37.7,
Ayawaso West,GREATER ACCRA,Greater Accra,89225,0.29,13551,102776,22554,111779,33039,122264,42212,131437,52846,142071,61322,150547,71087,160312,78271,167496,86950,176175,92913,182138,100551,189776,105192,194417,111455,200680,114416,203641,119140,208365,120700,209925,34880,49526,2.8,
Ayensuano,GREATER ACCRA,Greater Accra,97300,0.31,12564,109864,24595,121895,33396,130696,46032,143332,54569,151869,66872,164172,74068,171368,85354,182654,91025,188325,101322,198622,105564,202864,114712,212012,117220,214520,124771,222071,125435,222735,131623,228923,9873,555294,2.6,
Banda,GREATER ACCRA,Greater Accra,25717,0.08,2635,28352,6501,32218,8011,33728,12167,37884,13475,39192,17675,43392,18507,44224,22560,48277,22883,48600,26780,52497,26635,52352,30319,56036,29643,55360,32978,58695,31763,57480,34789,60506,6460,2551760,19,
Bawku,EASTERN,Eastern,122641,0.4,19119,141760,31001,153642,45999,168640,58021,180662,73319,195960,84288,206929,98479,221120,107584,230225,120359,243000,127711,250352,139119,261760,144588,267229,154159,276800,157266,279907,164759,287400,165903,288544,13748,275198,8.5,
Bawku West,BONO,Bono,117036,0.38,17636,134672,29584,146620,43172,160208,55369,172405,69126,186162,80436,197472,93028,210064,102667,219703,113814,230850,121874,238910,131636,248672,137980,255016,145924,262960,150079,267115,155994,273030,158321,275357,7092,1191956,,
Bekwai,UPPER EAST,Upper East,146213,0.47,20355,166568,36959,183172,51939,198152,69173,215386,84040,230253,100489,246702,113603,259816,128262,274475,139312,285525,152257,298470,161355,307568,172379,318592,179027,325240,187493,333706,191482,337695,197790,344003,24706,594824,,
Berekum East,UPPER EAST,Upper East,117534,0.38,17138,134672,29710,147244,42674,160208,55605,173139,68628,186162,80778,198312,92530,210064,103104,220638,113316,230850,122393,239927,131138,248672,138567,256101,145426,262960,150717,268251,155496,273030,158995,276529,22285,514285,2.1,
Berekum West,ASHANTI,Ashanti,46565,0.15,6595,53160,11771,58336,16675,63240,22030,68595,26920,73485,32003,78568,36355,82920,40848,87413,44560,91125,48490,95055,51595,98160,54898,101463,57235,103800,59712,106277,61210,107775,62991,109556,10508,443833,3.5,
Bia East,BONO,Bono,36505,0.12,6023,42528,9228,45733,14087,50592,17270,53775,22283,58788,25089,61594,29831,66336,32023,68528,36395,72900,38014,74519,42023,78528,43038,79543,46535,83040,46811,83316,49715,86220,49382,85887,4810,869273,24.7,
Bia West,BONO,Bono,118618,0.38,16054,134672,29984,148602,41590,160208,56118,174736,67544,186162,81523,200141,91446,210064,104055,222673,112232,230850,123521,242139,130054,248672,139845,258463,144342,262960,152107,270725,154412,273030,160461,279079,12800,1427921,,
Biakoye,WESTERN NORTH,Western North,82677,0.27,13011,95688,20899,103576,31155,113832,39114,121791,49596,132273,56822,139499,66579,149256,72527,155204,81348,164025,86095,168772,94011,176688,97472,180149,104163,186840,106019,188696,111318,193995,111842,194519,14056,1231842,,
Bibiani Anhwiaso Bekwai,WESTERN NORTH,Western North,164652,0.53,23180,187832,41620,206272,58796,223448,77896,242548,94995,259647,113162,277814,128332,292984,144438,309090,157323,321975,171458,336110,182180,346832,194117,358769,202108,366760,211138,375790,216153,380805,222734,387386,26521,925769,2.9,
Binduri,OTI,Oti,76641,0.25,11959,88600,19373,96014,28759,105400,36259,112900,45834,122475,52674,129315,61559,138200,67232,143873,75234,151875,79809,156450,86959,163600,90356,166997,96359,173000,98279,174920,102984,179625,103676,180317,3185,436185,26.9,
Birim Central,WESTERN NORTH,Western North,85689,0.28,13543,99232,21660,107349,32359,118048,40539,126228,51483,137172,58892,144581,69095,154784,75169,160858,84411,170100,89231,174920,97543,183232,101024,186713,108071,193760,109882,195571,115491,201180,115916,201605,12318,118291,8.1,
Birim North,UPPER EAST,Upper East,99464,0.32,13944,113408,25142,124606,35448,134912,47056,146520,57304,156768,68359,167823,77432,176896,87253,186717,94936,194400,103576,203040,109944,209408,117264,216728,121976,221440,127546,227010,130456,229920,134550,234014,15589,629982,3.8,
Birim South,EASTERN,Eastern,58672,0.19,8664,67336,14831,73503,21432,80104,27758,86430,34409,93081,40324,98996,46360,105032,51469,110141,56753,115425,61097,119769,65664,124336,69172,127844,72808,131480,75237,133909,77843,136515,79369,138041,7092,346558,10,
Bodi,EASTERN,Eastern,71133,0.23,10379,81512,17981,89114,25835,96968,33653,104786,41544,112677,48888,120021,56011,127144,62400,133533,68592,139725,74073,145206,79379,150512,83863,154996,88027,159160,91216,162349,94122,165255,96226,167359,8175,735003,9.5,
Bole,EASTERN,Eastern,78010,0.25,10590,88600,19719,97729,27390,105400,36906,114916,44465,122475,53614,131624,60190,138200,68433,146443,73865,151875,81235,159245,85590,163600,91970,169980,94990,173000,100035,178045,101615,179625,105528,183538,15231,6850250,8.4,
Bolgatanga,SAVANNAH,Savannah,128548,0.42,20300,148848,32494,161042,48524,177072,60816,189364,77210,205758,88348,216896,103628,232176,112766,241314,126602,255150,133862,262410,146300,274848,151552,280100,162092,290640,164841,293389,173222,301770,173894,302442,21254,359066,1.7,
Bolgatanga East,WESTERN NORTH,Western North,35168,0.11,3816,38984,8890,44058,11208,46376,16638,51806,18721,53889,24170,59338,25640,60808,30850,66018,31657,66825,36622,71790,36816,71984,41462,76630,40952,76120,45097,80265,43867,79035,47574,82742,5626,82591,18.7,
Bongo,UPPER EAST,Upper East,105206,0.34,15290,120496,26594,131800,38138,143344,49773,154979,61360,166566,72306,177512,82746,187952,92290,197496,101344,206550,109555,214761,117290,222496,124033,229239,130074,235280,134909,240115,139084,244290,142318,247524,5954,461363,12.6,
Bosome Freho,UPPER EAST,Upper East,74870,0.24,10186,85056,18926,93796,26314,101184,35421,110291,42706,117576,51456,126326,57802,132672,65678,140548,70930,145800,77965,152835,82186,157056,88268,163138,91210,166080,96008,170878,97570,172440,101281,176151,9784,632272,11.9,
Bosomtwe,UPPER EAST,Upper East,116360,0.38,18312,134672,29413,145773,43848,160208,55050,171410,69802,186162,79972,196332,93704,210064,102074,218434,114490,230850,121170,237530,132312,248672,137183,253543,146600,262960,149212,265572,156670,273030,157407,273767,30973,469562,,
Builsa North,ASHANTI,Ashanti,70321,0.23,11191,81512,17776,88097,26647,96968,33269,103590,42356,112677,48330,118651,56823,127144,61688,132009,69404,139725,73228,143549,80191,150512,82905,153226,88839,159160,90175,160496,94934,165255,95127,165448,4040,907656,11.3,
Builsa South,ASHANTI,Ashanti,45469,0.15,7691,53160,11494,56963,17771,63240,21511,66980,28016,73485,31250,76719,37451,82920,39887,85356,45656,91125,47349,92818,52691,98160,53606,99075,58331,103800,58306,103775,62306,107775,61508,106977,1539,1380019,57.4,
Bunkpurugu Nakpanduri,UPPER EAST,Upper East,88365,0.29,14411,102776,22337,110702,33899,122264,41805,130170,53706,142071,60731,149096,71947,160312,77516,165881,87810,176175,92018,180383,101411,189776,104178,192543,112315,200680,113313,201678,120000,208365,119536,207901,5916,600177,,
Cape Coast Metro,UPPER EAST,Upper East,201168,0.65,29192,230360,50851,252019,72872,274040,95172,296340,117267,318435,138258,339426,158152,359320,176470,377638,193707,394875,209484,410652,224192,425360,237168,438336,248632,449800,257964,459132,265857,467025,272131,473299,35096,136056,,
Central Gonja,NORTH EAST,North East,111318,0.36,16266,127584,28139,139457,40458,151776,52664,163982,65046,176364,76506,187824,87690,199008,97651,208969,107382,218700,115920,227238,124266,235584,131239,242557,137802,249120,142746,254064,147342,258660,150586,261904,16017,8398998,4.7,
Central Tongu,CENTRAL,Central,74908,0.24,10148,85056,18935,93843,26276,101184,35439,110347,42668,117576,51483,126391,57764,132672,65711,140619,70892,145800,78004,152912,82148,157056,88313,163221,91172,166080,96057,170965,97532,172440,101332,176240,17036,760144,4,
Chereponi,SAVANNAH,Savannah,67609,0.22,10359,77968,17090,84699,25143,92752,31986,99595,40169,107778,46466,114075,54007,121616,59309,126918,66041,133650,70404,138013,76359,143968,79708,147317,84631,152240,86697,154306,90461,158070,91458,159067,4918,1531046,8.3,
Daffiama Bussie Issa,VOLTA,Volta,40606,0.13,5466,46072,10264,50870,14202,54808,19211,59817,23081,63687,27908,68514,31258,71864,35621,76227,38369,78975,42285,82891,44466,85072,47873,88479,49354,89960,52070,92676,52799,93405,54930,95536,7979,1616801,,
Denkyembuor,NORTHERN,Northern,99374,0.32,14034,113408,25120,124494,35538,134912,47013,146387,57394,156768,68297,167671,77522,176896,87174,186548,95026,194400,103482,202856,110034,209408,117158,216532,122066,221440,127430,226804,130546,229920,134429,233803,15047,485245,,
Dormaa Central,UPPER WEST,Upper West,141999,0.46,21025,163024,35894,177893,51937,193936,67179,209178,83355,225354,97593,239592,112289,254288,124566,266565,137451,279450,147869,289868,159025,301024,167410,309409,176321,318320,182090,324089,188511,330510,192090,334089,29679,1342921,2.2,
Dormaa East,EASTERN,Eastern,64421,0.21,10003,74424,16284,80705,24115,88536,30477,94898,38458,102879,44275,108696,51667,116088,56512,120933,63154,127575,67084,131505,73003,137424,75949,140370,80899,145320,82609,147030,86464,150885,87146,151567,11807,632714,5.1,
Dormaa West (Nkran Nkwanta),BONO,Bono,60467,0.2,10413,70880,15285,75752,23853,84320,28607,89074,37513,97980,41558,102025,50093,110560,53043,113510,61033,121500,62967,123434,70413,130880,71288,131755,77933,138400,77539,138006,83233,143700,81797,142264,6267,422696,,
East Gonja,BONO,Bono,133805,0.43,18587,152392,33823,167628,47483,181288,63303,197108,76852,210657,91961,225766,103899,237704,117378,251183,127420,261225,139336,273141,147587,281392,157750,291555,163755,297560,171582,305387,175150,308955,181005,314810,19979,6018584,7.7,
East Mamprusi,BONO,Bono,153225,0.49,20431,173656,38732,191957,53359,206584,72490,225715,86826,240051,105308,258533,117647,270872,134413,287638,144450,297675,159559,312784,167431,320656,180645,333870,185855,339080,196485,349710,198840,352065,207276,360501,18376,1899427,16.8,
Effia Kwesimintsim,SAVANNAH,Savannah,309514,1,44886,354400,78238,387752,112086,421600,146430,455944,180386,489900,212722,522236,243286,552800,271515,581029,297986,607500,322308,631822,344886,654400,364903,674417,382486,692000,396899,706413,408986,718500,418697,728211,27877,78564,,
Effutu,NORTH EAST,North East,81178,0.26,10966,92144,20520,101698,28438,109616,38405,119583,46196,127374,55792,136970,62550,143728,71212,152390,76772,157950,84534,165712,88966,170144,95705,176883,98742,179920,104097,185275,105632,186810,109814,190992,11162,88225,10.6,
Ejisu,WESTERN,Western,118217,0.38,16455,134672,29883,148100,41991,160208,55928,174145,67945,186162,81248,199465,91847,210064,103703,221920,112633,230850,123104,241321,130455,248672,139373,257590,144743,262960,151593,269810,154813,273030,159919,278136,43960,259983,2.4,
Ejura Sekyedumase,CENTRAL,Central,105952,0.34,14544,120496,26782,132734,37392,143344,50126,156078,60614,166566,72818,178770,82000,187952,92944,198896,100598,206550,110332,216284,116544,222496,124913,230865,129328,235280,135865,241817,138338,244290,143327,249279,15936,1489602,3.9,
Ekumfi,ASHANTI,Ashanti,61747,0.2,9133,70880,15608,77355,22573,84320,29212,90959,36233,97980,42437,104184,48813,110560,54166,115913,59753,121500,64299,126046,69133,130880,72797,134544,76653,138400,79180,140927,81953,143700,83529,145276,12133,307697,,
Ellembelle,ASHANTI,Ashanti,116435,0.38,18237,134672,29432,145867,43773,160208,55085,171520,69727,186162,80023,196458,93629,210064,102140,218575,114415,230850,121248,237683,132237,248672,137272,253707,146525,262960,149308,265743,156595,273030,157508,273943,16010,1107174,,
Fanteakwa North,CENTRAL,Central,74911,0.24,10145,85056,18936,93847,26273,101184,35440,110351,42665,117576,51485,126396,57761,132672,65714,140625,70889,145800,78008,152919,82145,157056,88317,163228,91169,166080,96061,170972,97529,172440,101336,176247,8493,931169,,
Fanteakwa South,WESTERN,Western,61994,0.2,8886,70880,15671,77665,22326,84320,29329,91323,35986,97980,42607,104601,48566,110560,54383,116377,59506,121500,64557,126551,68886,130880,73088,135082,76406,138400,79497,141491,81706,143700,83863,145857,9013,291671,16.4,
Ga Central,EASTERN,Eastern,147820,0.48,22292,170112,37366,185186,54548,202368,69933,217753,87332,235152,101593,249413,117524,265344,129672,277492,143780,291600,153930,301750,166292,314112,174273,322093,184340,332160,189554,337374,197060,344880,199964,347784,44876,54554,4.2,
Ga East,EASTERN,Eastern,186342,0.6,26298,212640,47103,233445,66618,252960,88158,274500,107598,293940,128069,314411,145338,331680,163465,349807,178158,364500,194045,380387,206298,392640,219689,406031,228858,415200,238952,425294,244758,431100,252075,438417,69023,95337,1.9,
Ga North,GREATER ACCRA,Greater Accra,131129,0.42,17719,148848,33147,164276,45943,177072,62037,193166,74629,205758,90122,221251,101047,232176,115030,246159,124021,255150,136549,267678,143719,274848,154595,285724,159511,290640,168151,299280,170641,301770,177385,308514,5207,189894,56.7,
Ga South,GREATER ACCRA,Greater Accra,295344,0.95,41336,336680,74657,370001,105176,400520,139726,435070,170061,465405,202983,498327,229816,525160,259084,554428,281781,577125,307553,602897,326336,621680,348197,643541,362056,657400,378729,674073,387231,682575,399528,694872,55446,124154,2.3,
Ga West,GREATER ACCRA,Greater Accra,127841,0.41,17463,145304,32315,160156,45015,172856,60481,188322,73018,200859,87862,215703,98807,226648,112146,239987,121234,249075,133126,260967,140463,268304,150719,278560,155879,283720,163934,291775,166744,294585,172938,300779,123559,333434,0.6,
Garu,GREATER ACCRA,Greater Accra,72634,0.23,8878,81512,18360,90994,24334,96968,34363,106997,40043,112677,49920,122554,54510,127144,63717,136351,67091,139725,75636,148270,77878,150512,85632,158266,86526,159160,93141,165775,92621,165255,98256,170890,3407,708977,48.2,
Gomoa Central,GREATER ACCRA,Greater Accra,164304,0.53,23528,187832,41532,205836,59144,223448,77732,242036,95343,259647,112922,277226,128680,292984,144132,308436,157671,321975,171096,335400,182528,346832,193707,358011,202456,366760,210692,374996,216501,380805,222263,386567,7506,177451,10.8,
Gomoa East,UPPER EAST,Upper East,80694,0.26,11450,92144,20398,101092,28922,109616,38176,118870,46680,127374,55459,136153,63034,143728,70787,151481,77256,157950,84030,164724,89450,170144,95135,175829,99226,179920,103476,184170,106116,186810,109159,189853,53026,423048,3,
Gomoa West,CENTRAL,Central,159680,0.52,24608,184288,40364,200044,59552,219232,75544,235224,95068,254748,109744,269424,127776,287456,140076,299756,156220,315900,166281,325961,180608,340288,188256,347936,200160,359840,204763,364443,213940,373620,216008,375688,18969,509980,,
Gushegu,CENTRAL,Central,140368,0.45,19112,159480,35482,175850,49352,189720,66408,206776,80087,220455,96472,236840,108392,248760,123135,263503,133007,273375,146170,286538,154112,294480,165488,305856,171032,311400,179998,320366,182957,323325,189883,330251,7774,2976697,,
Ho,CENTRAL,Central,223614,0.72,31554,255168,56525,280139,79938,303552,105791,329405,129114,352728,153685,377299,174402,398016,196161,419775,213786,437400,232858,456472,247554,471168,263631,487245,274626,498240,286747,510361,293706,517320,302495,526109,34319,639284,3.5,
Ho West,NORTHERN,Northern,119389,0.39,18827,138216,30179,149568,45035,164424,56483,175872,71672,191061,82053,201442,96203,215592,104731,224120,117536,236925,124324,243713,135827,255216,140754,260143,150491,269880,153096,272485,160826,280215,161504,280893,15401,1117105,13.7,
Hohoe,VOLTA,Volta,210769,0.68,30223,240992,53278,264047,75919,286688,99714,310483,122363,333132,144857,355626,165135,375904,184893,395662,202331,413100,219482,430251,234223,444992,248487,459256,259791,470560,270276,481045,277811,488580,285119,495888,23659,762258,4.4,
Jaman North,VOLTA,Volta,105210,0.34,15286,120496,26595,131805,38134,143344,49774,154984,61356,166566,72308,177518,82742,187952,92293,197503,101340,206550,109559,214769,117286,222496,124038,229248,130070,235280,134914,240124,139080,244290,142323,247533,21081,1144554,5.6,
Jaman South,VOLTA,Volta,117315,0.38,17357,134672,29655,146970,42893,160208,55501,172816,68847,186162,80628,197943,92749,210064,102912,220227,113535,230850,122164,239479,131357,248672,138309,255624,145645,262960,150437,267752,155715,273030,158698,276013,23010,838232,3.2,
Jasikan,BONO,Bono,74281,0.24,10775,85056,18777,93058,26903,101184,35142,109423,43295,117576,51052,125333,58391,132672,65161,139442,71519,145800,77352,151633,82775,157056,87574,161855,91799,166080,95253,169534,98159,172440,100484,174765,8378,619202,,
Jomoro,BONO,Bono,199725,0.65,30635,230360,50486,250211,74315,274040,94489,294214,118710,318435,137266,336991,159595,359320,175205,374930,195150,394875,207981,407706,225635,425360,235467,435192,250075,449800,256113,455838,267300,467025,270179,469904,27237,1621464,2.2,
Juaben,OTI,Oti,59915,0.19,7421,67336,15145,75060,20189,80104,28346,88261,33166,93081,41178,101093,45117,105032,52559,112474,55510,115425,62392,122307,64421,124336,70637,130552,71565,131480,76831,136746,76600,136515,81050,140965,10656,387412,7.3,
Juaboso,UPPER WEST,Upper West,77963,0.25,10637,88600,19707,97670,27437,105400,36884,114847,44512,122475,53582,131545,60237,138200,68391,146354,73912,151875,81186,159149,85637,163600,91915,169878,95037,173000,99974,177937,101662,179625,105465,183428,12135,1520021,6.1,
Kadjebi,WESTERN,Western,74386,0.24,10670,85056,18803,93189,26798,101184,35192,109578,43190,117576,51124,125510,58286,132672,65254,139640,71414,145800,77461,151847,82670,157056,87698,162084,91694,166080,95387,169773,98054,172440,100626,175012,8157,768632,,
Karaga (Karaga),ASHANTI,Ashanti,98046,0.32,15362,113408,24784,122830,36866,134912,46385,144431,58722,156768,67385,165431,78850,176896,86009,184055,96354,194400,102099,200145,111362,209408,115592,213638,123394,221440,125727,223773,131874,229920,132632,230678,8943,3470989,,
Kasena Nankana,WESTERN NORTH,Western North,136875,0.44,19061,155936,34599,171474,48629,185504,64755,201630,78681,215556,94071,230946,106357,243232,120071,256946,130425,267300,142533,279408,151061,287936,161370,298245,167605,304480,175519,312394,179265,316140,185158,322033,13552,852967,,
Kasena Nankana West,OTI,Oti,87987,0.28,11245,99232,22241,110228,30061,118048,41626,129613,49185,137172,60471,148458,66797,154784,77185,165172,82113,170100,91624,179611,95245,183232,103733,191720,105773,193760,112828,200815,113193,201180,119025,207012,7096,970305,,
Keta,NORTHERN,Northern,81810,0.26,10334,92144,20680,102490,27806,109616,38704,120514,45564,127374,56226,138036,61918,143728,71766,153576,76140,157950,85192,167002,88334,170144,96450,178260,98110,179920,104907,186717,105000,186810,110669,192479,17398,399880,,
Ketu North,UPPER EAST,Upper East,125956,0.41,19348,145304,31839,157795,46900,172856,59589,185545,74903,200859,86567,212523,100692,226648,110492,236448,123119,249075,131163,257119,142348,268304,148496,274452,157764,283720,161517,287473,168629,294585,170388,296344,21753,472387,9.3,
Ketu South,UPPER EAST,Upper East,202734,0.65,27626,230360,51247,253981,71306,274040,95913,298647,115701,318435,139334,342068,156586,359320,177844,380578,192141,394875,211114,413848,222626,425360,239014,441748,247066,449800,259972,462706,264291,467025,274249,476983,47702,310299,2.5,
Kintampo North,VOLTA,Volta,119762,0.39,18454,138216,30273,150035,44662,164424,56659,176421,71299,191061,82310,202072,95830,215592,105059,224821,117163,236925,124713,244475,135454,255216,141194,260956,150118,269880,153574,273336,160453,280215,162009,281771,17653,5431939,5.7,
Kintampo South,VOLTA,Volta,101494,0.33,15458,116952,25655,127149,37634,139128,48016,149510,60173,161667,69754,171248,80930,182424,89033,190527,98981,200475,105689,207183,114458,215952,119657,221151,126866,228360,130149,231643,135611,237105,137297,238791,13394,1681351,12.8,
Komenda Edina Eguafo Abirem,VOLTA,Volta,171278,0.55,23642,194920,43295,214573,60602,231880,81031,252309,98167,269445,117715,288993,132762,304040,150250,321528,162847,334125,178358,349636,188642,359920,201929,373207,209322,380600,219635,390913,223897,395175,231697,402975,24413,502922,,
Korle Klottey,BONO EAST,Bono East,153452,0.5,23748,177200,38789,192241,57348,210800,72598,226050,91498,244950,105464,258916,122948,276400,134613,288065,150298,303750,159795,313247,173748,327200,180913,334365,192548,346000,196776,350228,205798,359250,207583,361035,12857,13289,,
Kpandai,BONO EAST,Bono East,137249,0.44,18687,155936,34694,171943,48255,185504,64932,202181,78307,215556,94328,231577,105983,243232,120399,257648,130051,267300,142922,280171,150687,287936,161810,299059,167231,304480,175999,313248,178891,316140,185664,322913,9939,1261277,13.8,
Kpando,CENTRAL,Central,67831,0.22,10137,77968,17146,84977,24921,92752,32091,99922,39947,107778,46619,114450,53785,121616,59503,127334,65819,133650,70635,138466,76137,143968,79970,147801,84409,152240,86982,154813,90239,158070,91759,159590,13456,349850,5,
Kpone Katamanso,GREATER ACCRA,Greater Accra,138529,0.45,20951,159480,35017,173546,51191,189720,65538,204067,81926,220455,95208,233737,110231,248760,121522,260051,134846,273375,144255,282784,155951,294480,163320,301849,172871,311400,177640,316169,184796,323325,187396,325925,82926,267058,,
Krachi East,NORTHERN,Northern,146402,0.47,20166,166568,37007,183409,51750,198152,69262,215664,83851,230253,100619,247021,113414,259816,128428,274830,139123,285525,152454,298856,161166,307568,172601,319003,178838,325240,187736,334138,191293,337695,198046,344448,13374,3073226,10.9,
Krachi Nchumuru,VOLTA,Volta,91179,0.29,11597,102776,23048,114227,31085,122264,43136,134315,50892,142071,62665,153844,69133,160312,79985,171164,84996,176175,94948,186127,98597,189776,107496,198675,109501,200680,116922,208101,117186,208365,123343,214522,10096,1330252,9,
Krachi West,GREATER ACCRA,Greater Accra,61960,0.2,8920,70880,15662,77622,22360,84320,29313,91273,36020,97980,42584,104544,48600,110560,54353,116313,59540,121500,64521,126481,68920,130880,73048,135008,76440,138400,79453,141413,81740,143700,83817,145777,9698,1033641,6.4,
Krowor,OTI,Oti,128675,0.42,20173,148848,32526,161201,48397,177072,60876,189551,77083,205758,88435,217110,103501,232176,112877,241552,126475,255150,133994,262669,146173,274848,151702,280377,161965,290640,165004,293679,173095,301770,174066,302741,18284,18905,7,
Kumbungu,OTI,Oti,49626,0.16,7078,56704,12544,62170,17830,67456,23478,73104,28758,78384,34107,83733,38822,88448,43533,93159,47574,97200,51677,101303,55078,104704,58507,108133,61094,110720,63637,113263,65334,114960,67132,116758,14871,1713702,9.6,
Kwabre East,OTI,Oti,143180,0.46,19844,163024,36193,179373,50756,193936,67738,210918,82174,225354,98404,241584,111108,254288,125602,268782,136270,279450,149099,292279,157844,301024,168803,311983,175140,318320,183604,326784,187330,330510,193687,336867,50522,136663,6.2,
Kwadaso,GREATER ACCRA,Greater Accra,311242,1.01,46702,357944,78675,389917,114574,425816,147248,458490,183557,494799,213909,525151,247086,558328,273030,584272,302333,613575,324108,635350,349702,660944,366940,678182,387678,698920,399115,710357,414443,725685,421034,732276,28521,36930,5,
Kwaebibirem,ASHANTI,Ashanti,143336,0.46,19688,163024,36232,179568,50600,193936,67812,211148,82018,225354,98512,241848,110952,254288,125738,269074,136114,279450,149261,292597,157688,301024,168987,312323,174984,318320,183804,327140,187174,330510,193898,337234,22358,893682,5.8,
Kwahu Afram Plains North,NORTHERN,Northern,129135,0.42,19713,148848,32643,161778,47937,177072,61093,190228,76623,205758,88752,217887,103041,232176,113281,242416,126015,255150,134473,263608,145713,274848,152244,281379,161505,290640,165594,294729,172635,301770,174688,303823,12054,2606921,12.1,
Kwahu Afram Plains South,ASHANTI,Ashanti,146026,0.47,20542,166568,36912,182938,52126,198152,69084,215110,84227,230253,100360,246386,113790,259816,128098,274124,139499,285525,152062,298088,161542,307568,172158,318184,179214,325240,187254,333280,191669,337695,197537,343563,10258,3444564,9.5,
Kwahu East,ASHANTI,Ashanti,97208,0.31,12656,109864,24572,121780,33488,130696,45989,143197,54661,151869,66809,164017,74160,171368,85274,182482,91117,188325,101226,198434,105656,202864,114604,211812,117312,214520,124653,221861,125527,222735,131499,228707,16632,693342,5.3,
Kwahu South,EASTERN,Eastern,87912,0.28,11320,99232,22222,110134,30136,118048,41591,129503,49260,137172,60420,148332,66872,154784,77119,165031,82188,170100,91546,179458,95320,183232,103644,191556,105848,193760,112732,200644,113268,201180,118923,206835,18762,885411,6.3,
Kwahu West,EASTERN,Eastern,117945,0.38,16727,134672,29814,147759,42263,160208,55799,173744,68217,186162,81061,199006,92119,210064,103465,221410,112905,230850,122821,240766,130727,248672,139052,256997,145015,262960,151244,269189,155085,273030,159551,277496,26637,445955,8.7,
La Dade-Kotopon,EASTERN,Eastern,231306,0.75,34494,265800,58469,289775,84894,316200,109430,340736,136119,367425,158971,390277,183294,414600,202908,434214,224319,455625,240868,472174,259494,490800,272699,504005,287694,519000,296611,527917,307569,538875,312900,544206,29414,40109,,
La Nkwantanang Madina,EASTERN,Eastern,141124,0.46,21900,163024,35673,176797,52812,193936,66765,207889,84230,225354,96991,238115,113164,254288,123798,264922,138326,279450,146958,288082,159900,301024,166379,307503,177196,318320,180968,322092,189386,330510,190906,332030,48451,78929,,
Lambussie Karni,EASTERN,Eastern,63889,0.21,10535,74424,16150,80039,24647,88536,30226,94115,38990,102879,43909,107798,52199,116088,56045,119934,63686,127575,66530,130419,73535,137424,75322,139211,81431,145320,81927,145816,86996,150885,86426,150315,7466,901199,,
Lawra,EASTERN,Eastern,67886,0.22,10082,77968,17160,85046,24866,92752,32117,100003,39892,107778,46656,114542,53730,121616,59552,127438,65764,133650,70692,138578,76082,143968,80035,147921,84354,152240,87052,154938,90184,158070,91833,159719,10198,585209,15.6,
Ledzokuku,GREATER ACCRA,Greater Accra,158659,0.51,22085,180744,40106,198765,56357,215016,75061,233720,91190,249849,109043,267702,123269,281928,139180,297839,151166,309825,165218,323877,175085,333744,187052,345711,194261,352920,203453,362112,207776,366435,214627,373286,31660,34065,,
Lower Manya Krobo,GREATER ACCRA,Greater Accra,112464,0.36,15120,127584,28428,140892,39312,151776,53206,165670,63900,176364,77294,189758,86544,199008,98657,211121,106236,218700,117113,229577,123120,235584,132590,245054,136656,249120,144216,256680,146196,258660,152136,264600,17379,338887,6.3,
Mampong,UPPER WEST,Upper West,109125,0.35,14915,124040,27584,136709,38435,147560,51627,160752,62340,171465,74999,184124,84355,193480,95728,204853,103500,212625,113636,222761,119915,229040,128653,237778,133075,242200,139934,249059,142350,251475,147619,256744,16144,744918,,
Mamprugu Moagduri,UPPER WEST,Upper West,59378,0.19,7958,67336,15009,74387,20726,80104,28092,87470,33703,93081,40809,100187,45654,105032,52088,111466,56047,115425,61833,121211,64958,124336,70004,129382,72102,131480,76142,135520,77137,136515,80324,139702,5664,2358054,,
Mfantsiman,GREATER ACCRA,Greater Accra,170509,0.55,24411,194920,43101,213610,61371,231880,80667,251176,98936,269445,117187,287696,133531,304040,149575,320084,163616,334125,177557,348066,189411,359920,201022,371531,210091,380600,218649,389158,224666,395175,230657,401166,26373,334329,3.9,
Mion,EASTERN,Eastern,103202,0.33,13750,116952,26087,129289,35926,139128,48825,152027,58465,161667,70928,174130,79222,182424,90532,193734,97273,200475,107468,210670,112750,215952,121671,224873,125158,228360,132339,235541,133903,237105,139607,242809,7636,3020978,7.5,
Mpohor,ASHANTI,Ashanti,57103,0.18,6689,63792,14434,71537,18785,75888,27015,84118,31079,88182,39246,96349,42401,99504,50092,107195,52247,109350,59463,116566,60689,117792,67322,124425,67457,124560,73225,130328,72227,129330,77246,134349,4802,582662,8.8,
Nabdam,NORTH EAST,North East,42126,0.14,7490,49616,10649,52775,16898,59024,19930,62056,26460,68586,28952,71078,35266,77392,36954,79080,42924,85050,43867,85993,49490,91616,49665,91791,54754,96880,54019,96145,58464,100590,56986,99112,1482,272512,,
Nadowli Kaleo,CENTRAL,Central,76114,0.25,12486,88600,19240,95354,29286,105400,36009,112123,46361,122475,52311,128425,62086,138200,66769,142883,75761,151875,79260,155374,87486,163600,89735,165849,96886,173000,97603,173717,103511,179625,102964,179078,18004,1256445,,
Nandom,NORTHERN,Northern,56947,0.18,6845,63792,14395,71342,18941,75888,26941,83888,31235,88182,39138,96085,42557,99504,49956,106903,52403,109350,59301,116248,60845,117792,67138,124085,67613,124560,73025,129972,72383,129330,77035,133982,7999,448984,7.3,
Nanton,WESTERN,Western,58754,0.19,8582,67336,14852,73606,21350,80104,27796,86550,34327,93081,40380,99134,46278,105032,51541,110295,56671,115425,61183,119937,65582,124336,69268,128022,72726,131480,75342,134096,77761,136515,79480,138234,6133,621894,29.1,
Nanumba North,UPPER EAST,Upper East,178608,0.58,26944,205552,45148,223756,65920,244528,84499,263107,105534,284142,122753,301361,142016,320624,156680,335288,173742,352350,185991,364599,200944,379552,210571,389179,222752,401360,229034,407642,238122,416730,241613,420221,18819,2516834,6.3,
Nanumba South,UPPER WEST,Upper West,117895,0.38,16777,134672,29801,147696,42313,160208,55776,173671,68267,186162,81027,198922,92169,210064,103421,221316,112955,230850,122768,240663,130777,248672,138993,256888,145065,262960,151180,269075,155135,273030,159483,277378,12923,1992252,5.7,
New Juaben North,UPPER WEST,Upper West,74025,0.24,11031,85056,18712,92737,27159,101184,35021,109046,43551,117576,50876,124901,58647,132672,64937,138962,71775,145800,77085,151110,83031,157056,87272,161297,92055,166080,94925,168950,98415,172440,100138,174163,14950,117389,10.5,
New Juaben South,NORTHERN,Northern,157534,0.51,23210,180744,39821,197355,57482,215016,74529,232063,92315,249849,108270,265804,124394,281928,138193,295727,152291,309825,164046,321580,176210,333744,185726,343260,195386,352920,202011,359545,208901,366435,213105,370639,31352,60355,2.9,
Ningo Prampram,NORTHERN,Northern,89387,0.29,13389,102776,22595,111982,32877,122264,42289,131676,52684,142071,61434,150821,70925,160312,78413,167800,86788,176175,93082,182469,100389,189776,105383,194770,111293,200680,114624,204011,118978,208365,120919,210306,47211,692930,,
Nkoranza North,NORTHERN,Northern,82622,0.27,13066,95688,20885,103507,31210,113832,39088,121710,49651,132273,56784,139406,66634,149256,72478,155100,81403,164025,86037,168659,94066,176688,97408,180030,104218,186840,105949,188571,111373,193995,111767,194389,8910,1540919,14.2,
Nkoranza South,EASTERN,Eastern,126593,0.41,18711,145304,32000,158593,46263,172856,59891,186484,74266,200859,87004,213597,100055,226648,111051,237644,122482,249075,131826,258419,141711,268304,149247,275840,157127,283720,162334,288927,167992,294585,171249,297842,19384,1025232,4.2,
Nkwanta North,EASTERN,Eastern,80987,0.26,11157,92144,20472,101459,28629,109616,38315,119302,46387,127374,55661,136648,62741,143728,71044,152031,76963,157950,84335,165322,89157,170144,95480,176467,98933,179920,103852,184839,105823,186810,109556,190543,10081,1223938,14.7,
Nkwanta South,GREATER ACCRA,Greater Accra,147927,0.48,22185,170112,37393,185320,54441,202368,69984,217911,87225,235152,101667,249594,117417,265344,129766,277693,143673,291600,154042,301969,166185,314112,174399,322326,184233,332160,189691,337618,196953,344880,200109,348036,15846,3044674,3.2,
North Dayi,BONO EAST,Bono East,50321,0.16,6383,56704,12720,63041,17135,67456,23807,74128,28063,78384,34584,84905,38127,88448,44143,94464,46879,97200,52401,102722,54383,104704,59326,109647,60399,110720,64528,114849,64639,114960,68072,118393,8257,515405,,
North East Gonja,BONO EAST,Bono East,37681,0.12,4847,42528,9525,47206,12911,50592,17827,55508,21107,58788,25897,63578,28655,66336,33055,70736,35219,72900,39239,76920,40847,78528,44424,82105,45359,83040,48319,86000,48539,86220,50973,88654,3384,3260180,,
North Gonja,OTI,Oti,55169,0.18,8623,63792,13946,69115,20719,75888,26100,81269,33013,88182,37916,93085,44335,99504,48396,103565,54181,109350,57450,112619,62623,117792,65042,120211,69391,124560,70745,125914,74161,129330,74630,129799,5875,5385018,19.3,
North Tongu,OTI,Oti,113245,0.37,17883,131128,28626,141871,42747,155992,53576,166821,68018,181263,77831,191076,91291,204536,99342,212587,111530,224775,117926,231171,128883,242128,133511,246756,142795,256040,145218,258463,152600,265845,153193,266438,20079,1260458,5.4,
Nsawam Adoagyiri,VOLTA,Volta,108400,0.35,15640,124040,27401,135801,39160,147560,51284,159684,63065,171465,74501,182901,85080,193480,95092,203492,104225,212625,112881,221281,120640,229040,127799,236199,133800,242200,139005,247405,143075,251475,146639,255039,19883,194742,4.1,
Nzema East,SAVANNAH,Savannah,80933,0.26,11211,92144,20458,101391,28683,109616,38289,119222,46441,127374,55623,136556,62795,143728,70997,151930,77017,157950,84279,165212,89211,170144,95416,176349,98987,179920,103783,184716,105877,186810,109483,190416,8964,1202575,10.5,
Obuasi East,VOLTA,Volta,94182,0.3,12138,106320,23807,117989,32298,126480,44557,138739,52788,146970,64729,158911,71658,165840,82619,176801,88068,182250,98075,192257,102138,196320,111036,205218,113418,207600,120772,214954,121368,215550,127405,221587,21352,107820,4.5,
Offinso,EASTERN,Eastern,95292,0.31,14572,109864,24088,119380,35404,130696,45082,140374,56577,151869,65492,160784,76076,171368,83593,178885,93033,188325,99231,194523,107572,202864,112345,207637,119228,214520,122196,217488,127443,222735,128907,224199,18658,650748,3.8,
Offinso North,SAVANNAH,Savannah,70522,0.23,10990,81512,17826,88348,26446,96968,33364,103886,42155,112677,48468,118990,56622,127144,61864,132386,69203,139725,73437,143959,79990,150512,83142,153664,88638,159160,90433,160955,94733,165255,95399,165921,9744,1050814,,
Oforikrom,WESTERN,Western,375651,1.21,53173,428824,94956,470607,134485,510136,177719,553370,217128,592779,258176,633827,293237,668888,329532,705183,359424,735075,391179,766830,416173,791824,442876,818527,461669,837320,481709,857360,493734,869385,508164,883815,37471,51187,,
Okaikoi North,ASHANTI,Ashanti,287820,0.93,41772,329592,72755,360575,104268,392088,136167,423987,167787,455607,197812,485632,226284,514104,252484,540304,277155,564975,299718,587538,320772,608592,339327,627147,355740,643560,369080,656900,380385,668205,389350,677170,27964,30371,,
Okere,ASHANTI,Ashanti,76512,0.25,12088,88600,19341,95853,28888,105400,36198,112710,45963,122475,52585,129097,61688,138200,67119,143631,75363,151875,79675,156187,87088,163600,90204,166716,96488,173000,98114,174626,103113,179625,103502,180014,8711,341385,20.8,
Old Tafo,ASHANTI,Ashanti,180928,0.58,24624,205552,45735,226663,63600,244528,85596,266524,103214,284142,124348,305276,139696,320624,158715,339643,171422,352350,188407,369335,198624,379552,213306,394234,220432,401360,232009,412937,235802,416730,244751,425679,10587,10616,,
Prestea/Huni Valley,ASHANTI,Ashanti,211918,0.68,29074,240992,53568,265486,74770,286688,100258,312176,121214,333132,145646,357564,163986,375904,185901,397819,201182,413100,220678,432596,233074,444992,249842,461760,258642,470560,271749,483667,276662,488580,286673,498591,29270,2009622,,
Pru East,ASHANTI,Ashanti,91278,0.29,11498,102776,23073,114351,30986,122264,43183,134461,50793,142071,62733,154011,69034,160312,80072,171350,84897,176175,95051,186329,98498,189776,107613,198891,109402,200680,117049,208327,117087,208365,123477,214755,12278,1655521,5.8,
Pru West,GREATER ACCRA,Greater Accra,70746,0.23,10766,81512,17883,88629,26222,96968,33470,104216,41931,112677,48622,119368,56398,127144,62060,132806,68979,139725,73670,144416,79766,150512,83406,154152,88414,159160,90720,161466,94509,165255,95702,166448,5869,1925877,12.2,
Pusiga,EASTERN,Eastern,71779,0.23,9733,81512,18144,89923,25189,96968,33958,105737,40898,112677,49332,121111,55365,127144,62967,134746,67946,139725,74746,146525,78733,150512,84624,156403,87381,159160,92044,163823,93476,165255,97099,168878,5649,284702,14.7,
Saboba,ASHANTI,Ashanti,82891,0.27,12797,95688,20953,103844,30941,113832,39215,122106,49382,132273,56969,139860,66365,149256,72714,155605,81134,164025,86317,169208,93797,176688,97725,180616,103949,186840,106294,189185,111104,193995,112131,195022,6912,1950115,27,
Sagnarigu,WESTERN,Western,186796,0.6,25844,212640,47218,234014,66164,252960,88373,275169,107144,293940,128381,315177,144884,331680,163863,350659,177704,364500,194518,381314,205844,392640,220224,407020,228404,415200,239534,426330,244304,431100,252689,439485,48506,222954,,
Savelugu,BONO EAST,Bono East,116975,0.38,17697,134672,29569,146544,43233,160208,55340,172315,69187,186162,80394,197369,93089,210064,102614,219589,113875,230850,121810,238785,131697,248672,137908,254883,145985,262960,150001,266976,156055,273030,158239,275214,14976,1627913,,
Sawla Tuna Kalba,BONO EAST,Bono East,126569,0.41,18735,145304,31994,158563,46287,172856,59879,186448,74290,200859,86988,213557,100079,226648,111030,237599,122506,249075,131801,258370,141735,268304,149219,275788,157151,283720,162303,288872,168016,294585,171217,297786,15243,4693092,,
Sefwi Akontombra,UPPER EAST,Upper East,109868,0.35,14172,124040,27772,137640,37692,147560,51978,161846,61597,171465,75510,185378,83612,193480,96379,206247,102757,212625,114410,224278,119172,229040,129529,239397,132332,242200,140887,250755,141607,251475,148624,258492,7719,1243010,,
Sefwi Wiawso,NORTHERN,Northern,185826,0.6,26814,212640,46973,232799,67134,252960,87914,273740,108114,293940,127714,313540,145854,331680,163012,348838,178674,364500,193508,379334,206814,392640,219081,404907,229374,415200,238290,424116,245274,431100,251377,437203,23519,1122830,,
Sekyere Afram Plains,NORTHERN,Northern,35416,0.11,3568,38984,8952,44368,10960,46376,16755,52171,18473,53889,24341,59757,25392,60808,31068,66484,31409,66825,36880,72296,36568,71984,41754,77170,40704,76120,45415,80831,43619,79035,47909,83325,3610,3921412,21.3,
Sekyere Central,NORTHERN,Northern,88307,0.29,14469,102776,22322,110629,33957,122264,41778,130085,53764,142071,60691,148998,72005,160312,77465,165772,87868,176175,91957,180264,101469,189776,104110,192417,112373,200680,113239,201546,120058,208365,119458,207765,10092,1813570,8,
Sekyere East,SAVANNAH,Savannah,77030,0.25,11570,88600,19472,96502,28370,105400,36443,113473,45445,122475,52941,129971,61170,138200,67573,144603,74845,151875,80214,157244,86570,163600,90815,167845,95970,173000,98778,175808,102595,179625,104203,181233,13321,265823,8.7,
Sekyere Kumawu,WESTERN NORTH,Western North,81029,0.26,11115,92144,20482,101511,28587,109616,38335,119364,46345,127374,55689,136718,62699,143728,71081,152110,76921,157950,84379,165408,89115,170144,95530,176559,98891,179920,103906,184935,105781,186810,109612,190641,9329,641033,8.2,
Sekyere South,WESTERN NORTH,Western North,116477,0.38,18195,134672,29443,145920,43731,160208,55105,171582,69685,186162,80052,196529,93587,210064,102177,218654,114373,230850,121292,237769,132195,248672,137321,253798,146483,262960,149362,265839,156553,273030,157565,274042,15892,463234,4.6,
Sene East,WESTERN,Western,76506,0.25,12094,88600,19339,95845,28894,105400,36195,112701,45969,122475,52581,129087,61694,138200,67113,143619,75369,151875,79669,156175,87094,163600,90197,166703,96494,173000,98106,174612,103119,179625,103494,180000,10047,4889572,,
Sene West,ASHANTI,Ashanti,72383,0.23,9129,81512,18297,90680,24585,96968,34244,106627,40294,112677,49747,122130,54761,127144,63496,135879,67342,139725,75375,147758,78129,150512,85336,157719,86777,159160,92819,165202,92872,165255,97916,170299,10947,3629528,10,
Shai Osudoku,ASHANTI,Ashanti,65461,0.21,8963,74424,16547,82008,23075,88536,30969,96430,37418,102879,44990,110451,50627,116088,57424,122885,62114,127575,68167,133628,71963,137424,77176,142637,79859,145320,83943,149404,85424,150885,88553,154014,15534,1078397,,
Shama,ASHANTI,Ashanti,109087,0.35,14953,124040,27575,136662,38473,147560,51609,160696,62378,171465,74973,184060,84393,193480,95694,204781,103538,212625,113596,222683,119953,229040,128609,237696,133113,242200,139886,248973,142388,251475,147568,256655,15559,215245,3.9,
Sissala East,ASHANTI,Ashanti,69923,0.23,11589,81512,17675,87598,27045,96968,33080,103003,42754,112677,48056,117979,57221,127144,61338,131261,69802,139725,72813,142736,80589,150512,82436,152359,89237,159160,89664,159587,95332,165255,94589,164512,14540,5658170,4,
Sissala West,ASHANTI,Ashanti,61322,0.2,9558,70880,15501,76823,22998,84320,29011,90333,36658,97980,42145,103467,49238,110560,53793,115115,60178,121500,63857,125179,69558,130880,72296,133618,77078,138400,78635,139957,82378,143700,82954,144276,11568,2276707,9.6,
South Dayi,BONO EAST,Bono East,58863,0.19,8473,67336,14879,73742,21241,80104,27848,86711,34218,93081,40455,99318,46169,105032,51636,110499,56562,115425,61296,120159,65473,124336,69397,128260,72617,131480,75482,134345,77652,136515,79627,138490,9427,399009,2.9,
South Tongu,BONO EAST,Bono East,110777,0.36,16807,127584,28002,138779,40999,151776,52408,163185,65587,176364,76134,186911,88231,199008,97177,207954,107923,218700,115356,226133,124807,235584,130601,241378,138343,249120,142053,252830,147883,258660,149854,260631,25269,717147,7.9,
Suaman,GREATER ACCRA,Greater Accra,27370,0.09,4526,31896,6919,34289,10574,37944,12949,40319,16721,44091,18811,46181,22382,49752,24010,51380,27305,54675,28501,55871,31526,58896,32268,59638,34910,62280,35097,62467,37295,64665,37025,64395,3726,443912,30.6,
Suame,WESTERN,Western,199706,0.65,30654,230360,50481,250187,74334,274040,94480,294186,118729,318435,137253,336959,159614,359320,175188,374894,195169,394875,207961,407667,225654,425360,235444,435150,250094,449800,256089,455795,267319,467025,270153,469859,18664,18822,8.4,
Suhum,UPPER WEST,Upper West,113885,0.37,17243,131128,28788,142673,42107,155992,53879,167764,67378,181263,78271,192156,90651,204536,99903,213788,110890,224775,118593,232478,128243,242128,134265,248150,142155,256040,146038,259923,151960,265845,154058,267943,16033,399522,6.7,
Sunyani,UPPER WEST,Upper West,156186,0.5,21014,177200,39480,195666,54614,210800,73891,230077,88764,244950,107343,263529,120214,276400,137011,293197,147564,303750,162642,318828,171014,327200,184136,340322,189814,346000,200282,356468,203064,359250,211281,367467,51942,562564,2.1,
Sunyani West,VOLTA,Volta,108031,0.35,16009,124040,27308,135339,39529,147560,51109,159140,63434,171465,74247,182278,85449,193480,94768,202799,104594,212625,112497,220528,121009,229040,127364,235395,134169,242200,138531,246562,143444,251475,146139,254170,29650,1176210,3.4,
Tain,VOLTA,Volta,111650,0.36,15934,127584,28223,139873,40126,151776,52821,164471,64714,176364,76734,188384,87358,199008,97943,209593,107050,218700,116265,227915,123934,235584,131630,243280,137470,249120,143172,254822,147010,258660,151035,262685,17820,2031571,5.7,
Talensi,WESTERN NORTH,Western North,101132,0.33,15820,116952,25564,126696,37996,139128,47845,148977,60535,161667,69506,170638,81292,182424,88716,189848,99343,200475,105313,206445,114820,215952,119230,220362,127228,228360,129685,230817,135973,237105,136807,237939,6929,932645,14.3,
Tano North,ASHANTI,Ashanti,101305,0.33,15647,116952,25608,126913,37823,139128,47927,149232,60362,161667,69625,170930,81119,182424,88868,190173,99170,200475,105493,206798,114647,215952,119434,220739,127055,228360,129906,231211,135800,237105,137041,238346,17636,929985,,
Tano South,EASTERN,Eastern,98994,0.32,14414,113408,25024,124018,35918,134912,46834,145828,57774,156768,68036,167030,77902,176896,86840,185834,95406,194400,103086,202080,110414,209408,116710,215704,122446,221440,126943,225937,130926,229920,133915,232909,12710,543203,14.6,
Tarkwa-Nsuaem,BONO,Bono,120344,0.39,17872,138216,30420,150764,44080,164424,56934,177278,70717,191061,82710,203054,95248,215592,105569,225913,116581,236925,125319,245663,134872,255216,141880,262224,149536,269880,154321,274665,159871,280215,162796,283140,28239,1005448,2.6,
Tatale Sanguli,BONO,Bono,75738,0.24,9318,85056,19145,94883,25446,101184,35831,111569,41838,117576,52053,127791,56934,132672,66440,142178,70062,145800,78869,154607,81318,157056,89292,165030,90342,166080,97121,172859,96702,172440,102455,178193,10536,1214715,,
Techiman,BONO,Bono,185450,0.6,27190,212640,46878,232328,67510,252960,87736,273186,108490,293940,127456,312906,146230,331680,162682,348132,179050,364500,193116,378566,207190,392640,218637,404087,229750,415200,237808,423258,245650,431100,250868,436318,39719,720972,2.2,
Techiman North,UPPER EAST,Upper East,74113,0.24,10943,85056,18734,92847,27071,101184,35063,109176,43463,117576,50936,125049,58559,132672,65014,139127,71687,145800,77177,151290,82943,157056,87376,161489,91967,166080,95037,169150,98327,172440,100257,174370,13798,432573,6.7,
Tema West,NORTHERN,Northern,156134,0.5,21066,177200,39467,195601,54666,210800,73866,230000,88816,244950,107307,263441,120266,276400,136965,293099,147616,303750,162588,318722,171066,327200,184075,340209,189866,346000,200215,356349,203116,359250,211211,367345,47049,66683,1.4,
Tempane,AHAFO,Ahafo,89155,0.29,13621,102776,22536,111691,33109,122264,42179,131334,52916,142071,61274,150429,71157,160312,78209,167364,87020,176175,92840,181995,100621,189776,105110,194265,111525,200680,114326,203481,119210,208365,120605,209760,5781,471977,,
Tolon,AHAFO,Ahafo,92072,0.3,14248,106320,23274,115346,34408,126480,43559,135631,54898,146970,63279,155351,73768,165840,80768,172840,90178,182250,95878,187950,104248,196320,108549,200621,115528,207600,118067,210139,123478,215550,124551,216623,15902,1504993,4.5,
Twifo Ati Morkwa,WESTERN,Western,73119,0.24,11937,85056,18483,91602,28065,101184,34592,107711,44457,117576,50253,123372,59553,132672,64142,137261,72681,145800,76142,149261,83937,157056,86204,159323,92961,166080,93763,166882,99321,172440,98912,172031,11945,1061684,7.6,
Twifo Heman Lower Denkyira,NORTHERN,Northern,65316,0.21,9108,74424,16510,81826,23220,88536,30901,96217,37563,102879,44890,110206,50772,116088,57297,122613,62259,127575,68016,133332,72108,137424,77005,142321,80004,145320,83757,149073,85569,150885,88357,153673,8926,639631,12.3,
Upper Denkyira East,BONO EAST,Bono East,86233,0.28,12999,99232,21798,108031,31815,118048,40797,127030,50939,137172,59266,145499,68551,154784,75646,161879,83867,170100,89798,176031,96999,183232,101665,187898,107527,193760,110579,196812,114947,201180,116652,202885,15456,557734,8.6,
Upper Denkyira West,BONO EAST,Bono East,71174,0.23,10338,81512,17991,89165,25794,96968,33672,104846,41503,112677,48916,120090,55970,127144,62436,133610,68551,139725,74116,145290,79338,150512,83911,155085,87986,159160,91269,162443,94081,165255,96281,167455,17693,643333,5,
Upper Manya Krobo,GREATER ACCRA,Greater Accra,90877,0.29,11899,102776,22972,113849,31387,122264,42994,133871,51194,142071,62458,153335,69435,160312,79720,170597,85298,176175,94634,185511,98899,189776,107140,198017,109803,200680,116534,207411,117488,208365,122934,213811,6086,956437,16.5,
Upper West Akim,GREATER WEST METAPOLIS,Greater West Metapolis,109722,0.35,14318,124040,27735,137457,37838,147560,51909,161631,61743,171465,75409,185131,83758,193480,96251,205973,102903,212625,114258,223980,119318,229040,129357,239079,132478,242200,140700,250422,141753,251475,148427,258149,9339,380870,11.9,
Wa,NORTHERN,Northern,132646,0.43,19746,152392,33530,166176,48642,181288,62754,195400,78011,210657,91165,223811,105058,237704,116361,249007,128579,261225,138129,270775,148746,281392,156384,289030,164914,297560,170096,302742,176309,308955,179438,312084,38494,643657,3.2,
Wa East,UPPER EAST,Upper East,89194,0.29,13582,102776,22546,111740,33070,122264,42197,131391,52877,142071,61301,150495,71118,160312,78244,167438,86981,176175,92881,182075,100582,189776,105156,194350,111486,200680,114376,203570,119171,208365,120658,209852,10257,4772828,10.5,
Wa West,CENTRAL,Central,100644,0.33,16308,116952,25441,126085,38484,139128,47614,148258,61023,161667,69170,169814,81780,182424,88288,188932,99831,200475,104804,205448,115308,215952,118655,219299,127716,228360,129059,229703,136461,237105,136147,236791,12782,1655992,18.9,
Wassa Amenfi East,CENTRAL,Central,111036,0.36,16548,127584,28067,139103,40740,151776,52531,163567,65328,176364,76312,187348,87972,199008,97404,208440,107664,218700,115626,226662,124548,235584,130906,241942,138084,249120,142385,253421,147624,258660,150204,261240,22520,1730456,10.7,
Wassa Amenfi West,CENTRAL,Central,122573,0.4,19187,141760,30984,153557,46067,168640,57989,180562,73387,195960,84242,206815,98547,221120,107525,230098,120427,243000,127640,250213,139187,261760,144508,267081,154227,276800,157179,279752,164827,287400,165811,288384,17761,1608095,6.4,
Wassa East,CENTRAL,Central,107849,0.35,16191,124040,27262,135111,39711,147560,51023,158872,63616,171465,74122,181971,85631,193480,94608,202457,104776,212625,112307,220156,121191,229040,127149,234998,134351,242200,138298,246147,143626,251475,145893,253742,10527,1835730,13,
Weija Gbawe,EASTERN,Eastern,241629,0.78,34803,276432,61079,302708,87219,328848,114314,355943,140493,382122,166066,407695,189555,431184,211964,453593,232221,473850,251617,493246,268803,510432,284870,526499,298131,539760,309848,551477,318801,560430,326865,568494,38553,66383,1.4,
Wenchi,EASTERN,Eastern,113712,0.37,17416,131128,28744,142456,42280,155992,53797,167509,67551,181263,78152,191864,90824,204536,99751,213463,111063,224775,118413,232125,128416,242128,134061,247773,142328,256040,145816,259528,152133,265845,153824,267536,21368,1271647,7.2,
West Akim,UPPER WEST,Upper West,136492,0.44,19444,155936,34502,170994,49012,185504,64574,201066,79064,215556,93808,230300,106740,243232,119735,256227,130808,267300,142134,278626,151444,287936,160918,297410,167988,304480,175028,311520,179648,316140,184640,321132,13447,528476,11,
West Gonja,UPPER WEST,Upper West,52160,0.17,8088,60248,13185,65345,19512,71672,24677,76837,31123,83283,35848,88008,41816,93976,45756,97916,51115,103275,54316,106476,59088,111248,61494,113654,65480,117640,66886,119046,69985,122145,70560,122720,9367,5239308,11.8,
West Mamprusi,UPPER WEST,Upper West,153361,0.5,23839,177200,38766,192127,57439,210800,72555,225916,91589,244950,105401,258762,123039,276400,134533,287894,150389,303750,159700,313061,173839,327200,180806,334167,192639,346000,196659,350020,205889,359250,207460,360821,21351,2903540,3.1,
Yendi,WESTERN,Western,148567,0.48,21545,170112,37554,186121,53801,202368,70287,218854,86585,235152,102107,250674,116777,265344,130327,278894,143033,291600,154708,303275,165545,314112,175154,323721,183593,332160,190512,339079,196313,344880,200975,349542,16100,1610511,5,
Yilo Krobo,WESTERN,Western,110715,0.36,16869,127584,27986,138701,41061,151776,52379,163094,65649,176364,76092,186807,88293,199008,97122,207837,107985,218700,115292,226007,124869,235584,130528,241243,138405,249120,141973,252688,147945,258660,149770,260485,18205,538158,0,
Yunyoo Nasuan,WESTERN,Western,66862,0.22,11106,77968,16901,83763,25890,92752,31632,98494,40916,107778,45953,112815,54754,121616,58653,125515,66788,133650,69626,136488,77106,143968,78827,145689,85378,152240,85739,152601,91208,158070,90448,157310,1437,799394,,
Zabzugu,GREATER ACCRA,Greater Accra,80507,0.26,11637,92144,20350,100857,29109,109616,38088,118595,46867,127374,55331,135838,63221,143728,70623,151130,77443,157950,83835,164342,89637,170144,94914,175421,99413,179920,103237,183744,106303,186810,108906,189413,9364,1225345,0,
